crop_id,crop_name,local_regional_name,scientific_name,category,season_type,total_duration_days,duration_range_days,buffer_prep_days,buffer_postharvest_days,ideal_sowing_months,ideal_harvest_months,growth_stages_day_ranges,possible_cycles_per_year,water_requirement_level,total_water_requirement_mm,irrigation_frequency,critical_irrigation_stages,drought_tolerance,waterlogging_tolerance,preferred_soil_type,soil_ph_range,soil_drainage_requirement,soil_depth_requirement,good_previous_crops,bad_previous_crops,humidity_preference,frost_tolerance,altitude_suitability,total_npk_requirement_kg_per_ha,basal_fertilizer_schedule,topdress_1,topdress_2,organic_alternative,micronutrient_needs,fertilizer_cost_estimate_inr_per_acre,common_pests,common_diseases,chemical_treatment_policy,organic_biological_alternative,preventive_practices,application_frequency_timing,safety_note,average_yield_per_acre,yield_range_kg_per_acre,total_cultivation_cost_range_inr_per_acre,seed_cost_current_status,irrigation_sources,irrigation_method,source_notes,geographic_basis,confidence,fertilizer_priority_list,fertilizer_area_basis_and_decision_rule,fertilizer_application_principle,pest_management_priority_list,pesticide_product_policy
CRP001,Rice,நெல் / Paddy,Oryza sativa,Cereal,Kharif/Rabi/Year-round,120,90-150,10-15,5-10,Jun-Jul; Sep-Oct; Nov-Dec,Sep-Nov; Dec-Feb; Feb-Apr,Germination 0-10; Vegetative 10-45; Flowering 45-80; Maturity 80-120,1-3,High,1200-2500,3-7 days,Panicle initiation; flowering; grain filling,Low,Medium-High,Clay/loam; delta/alluvial,5.0-7.5,Moderate-poor acceptable,Medium-Deep,Legumes; pulses,Same crop continuously; same disease pressure,Medium-High,No,0-1500 m,80-100 kg N; 40-50 P2O5; 40-50 K2O/ha,Basal: 25% N + 100% P + 50% K,Tillering (Day 25): 50% N,Panicle initiation (Day 45): 25% N + 50% K,FYM/compost 2-5 t/acre,Zinc sulphate 10 kg/acre if deficient,3500-6000,Stem borer; leaf folder; BPH,Blast; bacterial leaf blight; sheath blight,Use only registered products at label doses; IPM preferred,Neem cake; Trichoderma; Pseudomonas fluorescens,Seed treatment; resistant varieties; balanced N; field sanitation,Monitor weekly from establishment,Confirm dosage with local agriculture officer,2000-3500 kg,1500-4500 kg,30000-45000,Seed 1500-2500; Fertilizer 3500-6000; Pesticide 1500-2500; Labor 14000-20000; Irrigation 2000-4000; Machinery 5000-8000,20-30 kg/acre,Canal; Borewell; Rainfed,Surface/flood/AWD,TNAU & ICAR package of practices,India; Tamil Nadu-oriented,High,1) Urea; 2) DAP or SSP; 3) MOP; 4) Zinc sulphate,Split N across vegetative and panicle initiation stages,Soil-test based state recommendations; split N/K for maximum uptake,1) Certified seeds; 2) field sanitation; 3) pheromone traps; 4) biocontrol; 5) threshold-based action,Confirm pesticide label with CIB&RC and local agriculture extension officer
CRP002,Maize,மக்காச்சோளம் / Maize,Zea mays,Cereal,Kharif/Rabi,105,90-120,10-15,5-7,Jun-Jul; Oct-Nov,Sep-Oct; Jan-Feb,Germination 0-7; Vegetative 7-45; Tasseling-Silking 45-65; Grain filling 65-105,2-3,Medium,500-750,7-10 days,Tasseling-silking; grain filling,Medium,Low,Well-drained loam/red/black,5.5-7.5,Well-drained,Deep,Legumes; pulses,Previous maize/cereal with disease carryover,Medium,No,0-2000 m,120 N; 60 P2O5; 50 K2O/ha,Basal: 100% P + 25% N + 50% K,Knee-high (Day 30): 50% N,Tasseling (Day 50): 25% N + 50% K,FYM/compost 2-4 t/acre,Zinc sulphate 10 kg/acre where deficient,4000-7000,Fall armyworm; stem borer; shoot fly,Downy mildew; leaf blight; stalk rot,IPM; target fall armyworm whorl sprays early,Pheromone traps; Trichogramma; Beauveria bassiana,Deep summer ploughing; synchronized sowing; scouting,Monitor every 7-10 days from emergence,Confirm dosage with local agriculture officer,2500-4000 kg,1800-4500 kg,28000-42000,Seed 2000-3500; Fertilizer 4000-7000; Pesticide 1500-3000; Labor 10000-15000; Irrigation 1500-3500; Machinery 4500-7000,6-8 kg/acre,Borewell; Canal; Rainfed,Furrow/surface; drip where available,ICAR & TNAU agronomic guides,India; Tamil Nadu & Karnataka,High,1) Urea; 2) DAP; 3) MOP; 4) Zinc sulphate,Split N at critical stages; knee-high and tasseling,Apply full phosphorus basal; avoid moisture stress at flowering,1) Certified hybrid seeds; 2) pheromone traps; 3) bio-agents; 4) timely threshold intervention,Use registered products only when pest crosses economic threshold
CRP003,Blackgram,உளுந்து / Urad,Vigna mungo,Pulse,Kharif/Rabi/Zaid,70,60-80,7-10,5-7,Jun-Jul; Sep-Oct; Jan-Feb,Aug-Sep; Nov-Dec; Mar-Apr,Germination 0-7; Vegetative 7-30; Flowering 30-50; Pod maturity 50-70,2-3,Low-Medium,250-350,7-10 days,Flowering; pod formation,Medium-High,Low,Loam/red/black well-drained,6.0-7.5,Well-drained,Medium,Cereals; rice fallows,Repeated pulse crops,Medium,No,0-1200 m,25 N; 50 P2O5; 25 K2O/ha,Basal: 100% P + 100% K + starter N (20 kg/ha),Vegetative (Day 25): Foliar DAP 2% spray,Flowering (Day 40): Foliar Pulse Wonder / micronutrient spray,Rhizobium culture seed treatment; FYM 1-2 t/acre,Sulphur & Zinc in deficient soils,2000-3500,Whitefly; aphid; pod borer; thrips,Yellow mosaic virus (YMV); powdery mildew; root rot,IPM; control whitefly early to halt YMV transmission,Yellow sticky traps; neem oil 3%; Trichoderma seed treatment,Use YMV-resistant varieties (e.g. VBN series); seed treatment,Scout from 15 DAS; weekly inspections,Ensure pre-harvest intervals are respected,350-600 kg,250-800 kg,16000-25000,Seed 800-1400; Fertilizer 2000-3500; Pesticide 1000-2000; Labor 6000-10000; Irrigation 500-1500; Machinery 3000-5000,8-10 kg/acre,Rainfed; Borewell; Canal,Furrow; sprinkler optional,TNAU Agritech Pulse Portal,South India; Tamil Nadu,High,1) DAP/SSP; 2) Rhizobium; 3) Foliar DAP 2%; 4) MOP,Phosphorus and biofertilizer are primary drivers of pulse yield,Avoid heavy chemical nitrogen; legumes fix atmospheric N,1) Resistant varieties; 2) seed bio-inoculation; 3) sticky traps; 4) threshold-based IPM,Focus on controlling sucking pests that vector viral diseases
CRP004,Chickpea,கொண்டைக்கடலை / Bengal gram,Cicer arietinum,Pulse,Rabi,100,90-110,10-15,5-7,Oct-Nov,Jan-Mar,Germination 0-10; Vegetative 10-45; Flowering 45-75; Pod filling 75-100,1,Low,300-400,10-15 days,Pre-flowering; pod development,High,Low,Well-drained sandy loam/black soil,6.0-8.0,Well-drained,Medium-Deep,Cereals; millets,Waterlogged plots; continuous chickpea,Low-Medium,No,300-2000 m,20 N; 50 P2O5; 25 K2O/ha,Basal: 100% P + 100% K + starter N,Branching (Day 30): Foliar 2% urea/DAP if vegetative growth lags,Pod development (Day 60): 1% potassium nitrate foliar spray,Rhizobium + PSB biofertilizers; FYM 2 t/acre,Sulphur 15 kg/acre in oilseed/pulse rotation,2200-3800,Helicoverpa pod borer; cutworm; semilooper,Fusarium wilt; dry root rot; Ascochyta blight,IPM; pheromone traps for Helicoverpa monitoring,HaNPV virus; bird perches; neem seed kernel extract (NSKE 5%),Wilt-resistant varieties; deep summer ploughing; seed treatment,Scout twice weekly during flowering and pod development,Keep strict check on pod borer entry holes,450-800 kg,350-1000 kg,18000-28000,Seed 1800-2800; Fertilizer 2200-3800; Pesticide 1200-2200; Labor 6500-11000; Irrigation 500-1800; Machinery 3000-5000,25-30 kg/acre,Rainfed; Borewell,Surface/furrow; sprinkler,ICAR-IIPR Pulse Compendium,Central & South India,High,1) DAP/SSP; 2) Rhizobium + PSB; 3) Sulphur; 4) MOP,Phosphorus aids root nodulation; apply full dose basal,Inoculate seeds with Rhizobium before sowing,1) Bird perches (20/acre); 2) pheromone traps (5/acre); 3) NSKE; 4) label-safe bio-larvicide,Intervene at early instar stage of Helicoverpa
CRP005,Lentil,மசூர் பருப்பு / Masoor,Lens culinaris,Pulse,Rabi,110,95-125,10-15,5-7,Oct-Nov,Feb-Mar,Germination 0-10; Vegetative 10-45; Flowering 45-75; Maturity 75-110,1,Low,250-350,10-15 days,Flowering; pod filling,High,Low,Well-drained loam/alluvial,6.0-7.8,Well-drained,Medium,Rice; maize; pearl millet,Waterlogged ground; continuous legume,Low-Medium,No,200-2500 m,20 N; 40 P2O5; 20 K2O/ha,Basal: 100% P + 100% K + starter N,Flowering (Day 50): 2% urea foliar spray to prevent flower drop,Pod filling (Day 70): Micro-nutrient supplement spray,Rhizobium culture; FYM 1-2 t/acre,Zinc and Sulphur where deficient,1800-3200,Aphids; pod borer,Wilt; rust; blight,IPM; avoid chemical sprays during peak pollinator activity,Yellow sticky traps; NSKE 5%; Trichoderma seed treatment,Early sowing in rice fallow; certified treated seed,Scout from onset of flowering,Follow safety handling for pulse protection,400-750 kg,300-900 kg,15000-24000,Seed 1500-2200; Fertilizer 1800-3200; Pesticide 1000-1800; Labor 5500-9000; Irrigation 500-1500; Machinery 2500-4500,15-20 kg/acre,Rainfed; Borewell,Surface; sprinkler,ICAR Crop Production Guides,North & Central India,High,1) SSP/DAP; 2) Rhizobium; 3) MOP; 4) Sulphur,Single basal application of P and K with seed treatment,Maintain optimum seedbed moisture at sowing,1) Certified disease-free seed; 2) yellow sticky traps for aphids; 3) eco-friendly sprays,Do not spray during morning hours to protect honeybee pollination
CRP006,Cotton,பருத்தி / Paruthi,Gossypium spp.,Fiber/Cash,Kharif,160,140-180,15-20,10-15,Jun-Jul,Nov-Jan,Germination 0-10; Vegetative 10-60; Squaring-Flowering 60-110; Boll opening 110-160,1,Medium-High,700-1100,8-12 days,Squaring; flowering; peak boll development,Medium,Low-Medium,Deep black cotton soil/loam,6.0-8.0,Well-drained,Deep,Legumes; cereals,Host crops for bollworms; repeated cotton,Medium,No,0-1200 m,100 N; 50 P2O5; 50 K2O/ha,Basal: 100% P + 25% N + 25% K,Square formation (Day 45): 50% N + 25% K,Peak flowering (Day 75): 25% N + 50% K,FYM 5 t/acre; neem cake 100 kg/acre,Magnesium sulphate & Boron sprays at boll stage,5000-9000,Pink bollworm; American bollworm; whitefly; thrips; jassids,Bacterial blight; wilt; grey mildew,IPM strictly recommended; adhere to IRM guidelines,Pheromone traps (8/acre); yellow sticky traps; Trichogramma,Refuge planting; clean sanitation; destruction of crop residues,Weekly scouting; inspect 20 bolls/acre for entry marks,Use PPE when handling sprays,800-1400 kg,600-1800 kg,35000-55000,Seed 1800-3200; Fertilizer 5000-9000; Pesticide 3500-7000; Labor 14000-22000; Irrigation 2000-5000; Machinery 5000-8000,1.5-2.5 kg/acre,Borewell; Canal; Drip,Drip with fertigation preferred; furrow,CICR & TNAU Cotton Guides,Deccan Plateau & South India,High,1) Urea; 2) DAP; 3) MOP; 4) Magnesium sulphate; 5) Boron,Split N and K applications to prevent boll shedding,Apply Boron and Mg to enhance boll size and fibre quality,1) Pheromone traps for pink bollworm; 2) sticky traps for sucking pests; 3) targeted biorationals,Follow Central Insecticide Board approved insecticides only
CRP007,Jute,சணல் / Sanal,Corchorus spp.,Fiber,Kharif,120,100-140,10-15,10-15,Mar-May,Jul-Sep,Germination 0-8; Vegetative 8-60; Fibre development 60-100; Maturity 100-120,1,Medium-High,500-700,7-10 days,Active vegetative growth (30-60 DAS),Medium,Medium,Alluvial sandy loam/silt loam,6.0-7.5,Moderate drainage,Medium-Deep,Rice; potato; winter pulses,Continuous monoculture jute,High,No,0-500 m,50 N; 25 P2O5; 25 K2O/ha,Basal: 100% P + 100% K + 30% N,Vegetative (Day 25): 35% N top-dress after first weeding,Vegetative (Day 45): 35% N top-dress before canopy closure,FYM 2-4 t/acre,Zinc sulphate 8 kg/acre if deficient,2500-4500,Semilooper; hairy caterpillar; yellow mite; stem weevil,Stem rot; root rot; anthracnose,IPM; target crawler stages of caterpillars,Light traps; hand collection of egg masses; neem sprays,Crop rotation with paddy; clean retting water; timely harvest,Check leaf whorls every 7 days,Adhere to harvest maturity (small pod stage for fibre strength),1000-1600 kg,800-2000 kg,22000-34000,Seed 800-1500; Fertilizer 2500-4500; Pesticide 800-1800; Labor 11000-17000; Irrigation 1000-2500; Machinery 3500-5500,2.5-3.5 kg/acre,Rainfed; Canal; Borewell,Surface/furrow,CRIJAF Jute Technology Compendium,Eastern & Southern India,High,1) Urea; 2) SSP; 3) MOP,Split nitrogen ensures rapid vegetative stem elongation,Harvest at 50% flowering for optimal tensile strength,1) Egg mass clipping; 2) light traps; 3) selective botanical sprays,Maintain optimal soil moisture during retting preparation
CRP008,Mungbean,பாசிப்பயறு / Green gram,Vigna radiata,Pulse,Kharif/Rabi/Zaid,65,55-75,7-10,5-7,Jun-Jul; Sep-Oct; Jan-Feb,Aug-Sep; Nov-Dec; Mar-Apr,Germination 0-7; Vegetative 7-25; Flowering 25-45; Pod filling 45-65,2-3,Low,250-350,7-10 days,Flowering; pod initiation,Medium-High,Low,Well-drained fertile loam/red loam,6.0-7.5,Well-drained,Medium,Cereals; millets; sugarcane,Continuous pulses,Medium,No,0-1200 m,20 N; 40 P2O5; 20 K2O/ha,Basal: 100% P + 100% K + starter N,Flowering (Day 30): Foliar DAP 2% or Pulse Wonder spray,Pod filling (Day 45): 0.5% micronutrient foliar spray,Rhizobium + PSB seed inoculants; FYM 1-2 t/acre,Zinc sulphate 5 kg/acre in sandy soils,1800-3000,Whitefly; thrips; aphids; spotted pod borer,Yellow mosaic virus; Cercospora leaf spot; powdery mildew,IPM; early vector management is crucial,Yellow sticky cards; neem seed extract (NSKE 5%); Trichoderma,Use virus-resistant cultivars (e.g. VBN, CO series); weed timely,Scout plants from 10 DAS onward,Ensure safe pre-harvest interval before picking pods,300-550 kg,200-750 kg,15000-22000,Seed 900-1600; Fertilizer 1800-3000; Pesticide 800-1800; Labor 6000-9000; Irrigation 500-1200; Machinery 2500-4000,6-8 kg/acre,Rainfed; Borewell; Canal,Furrow; sprinkler optional,TNAU Agritech Portal & ICAR Pulse Guidelines,South & Central India,High,1) DAP/SSP; 2) Rhizobium; 3) Foliar DAP 2%; 4) MOP,Phosphorus and bio-inoculation drive nitrogen fixation,Excessive nitrogen delays pod setting and increases foliage,1) Sticky traps; 2) early vector suppression; 3) botanical sprays,Protect natural predators like ladybird beetles
CRP009,Pigeonpea,துவரை / Red gram / Arhar,Cajanus cajan,Pulse,Kharif,150,120-180,10-15,7-10,Jun-Jul; Sep,Nov-Jan; Feb-Mar,Germination 0-10; Vegetative 10-60; Flowering 60-110; Pod filling 110-150,1,Low-Medium,400-600,15-20 days,Flowering; pod development,High,Low-Medium,Deep well-drained loam/red/black soil,6.0-8.0,Well-drained,Deep,Sorghum; maize; pearl millet,Waterlogged plots; same pulse continuously,Medium,No,0-1800 m,25 N; 50 P2O5; 25 K2O/ha,Basal: 100% P + 100% K + starter N,Flowering initiation (Day 70): Foliar spray of Pulse Wonder / DAP 2%,Pod setting (Day 95): 1% potassium nitrate foliar spray,Rhizobium + Trichoderma seed treatment; FYM 2 t/acre,Zinc and Boron where soil test indicates deficiency,2200-4200,Gram pod borer (Helicoverpa); plume moth; pod fly; blister beetle,Sterility mosaic disease; Fusarium wilt; Phytophthora blight,IPM; install bird perches; spray bio-agents at bud stage,Pheromone traps (5/acre); bird perches; neem formulation,Use resistant varieties; intercrop with sorghum/maize; rogue diseased plants,Inspect flower buds and young pods weekly,Verify pesticide safety and harvest withholding periods,450-850 kg,350-1200 kg,18000-28000,Seed 1200-2200; Fertilizer 2200-4200; Pesticide 1200-2500; Labor 7000-11000; Irrigation 500-2000; Machinery 3000-5000,6-8 kg/acre,Rainfed; Borewell,Surface/furrow; protective irrigation,ICAR-IIPR & TNAU Pulses Department,Pan-India & Deccan Plateau,High,1) DAP/SSP; 2) Rhizobium culture; 3) MOP; 4) Zinc/Boron,Adequate basal phosphorus promotes deep taproot development,Foliar nutrition at peak flowering reduces flower drop,1) Bird perches; 2) pheromone traps; 3) selective bio-pesticides,Intervene before pod borer larvae bore into pods
CRP010,Kidneybeans,ராஜ்மாஷ் / Rajma,Phaseolus vulgaris,Pulse,Rabi/Summer,95,85-115,10-15,5-7,Oct-Nov; Jan-Feb,Jan-Mar; Apr-May,Germination 0-8; Vegetative 8-40; Flowering 40-65; Pod development 65-95,1-2,Medium,350-450,8-12 days,Flowering; pod formation,Low-Medium,Low,Rich loam/well-drained alluvial,5.5-7.2,Well-drained,Medium,Cereals; potato; vegetables,Waterlogged soils; repeated beans,Medium,No,300-2200 m,60 N; 60 P2O5; 40 K2O/ha,Basal: 100% P + 100% K + 50% N,Vegetative (Day 25): 25% N top-dress after weeding,Flowering (Day 45): 25% N top-dress with irrigation,FYM 4 t/acre; Rhizobium phaseoli strain seed treatment,Zinc sulphate 10 kg/acre if deficient,3000-5500,Bean fly; aphids; cutworm; pod borer,Anthracnose; rust; bacterial blight; root rot,IPM; certified disease-free seed treatment,Trichoderma viride; neem seed kernel extract; copper hydroxide,Deep summer ploughing; raised bed planting; avoid water stagnation,Scout weekly during vegetative and flowering stages,Confirm chemical application safety intervals,500-900 kg,350-1200 kg,22000-34000,Seed 2500-4000; Fertilizer 3000-5500; Pesticide 1200-2500; Labor 8000-13000; Irrigation 1200-2800; Machinery 3000-5000,25-35 kg/acre,Borewell; Canal,Furrow; sprinkler,ICAR Hill & Plains Pulses System,Northern Plains & Southern Hills,High,1) Urea; 2) DAP/SSP; 3) MOP; 4) Zinc sulphate,Rajma lacks native nodulation in many soils; requires more starter N,Apply nitrogen in 2-3 splits along with adequate irrigation,1) Certified clean seed; 2) yellow sticky traps; 3) bio-fungicide,Adhere strictly to post-spray safety windows
CRP011,Mothbeans,மொத் பயறு / Moth,Vigna aconitifolia,Pulse,Kharif,70,60-80,7-10,5-7,Jun-Jul; Sep,Sep-Oct; Nov-Dec,Germination 0-7; Vegetative 7-30; Flowering 30-50; Maturity 50-70,1-2,Low,200-300,12-18 days,Flowering; pod development,Very-High,Low,Light sandy loam/arid alluvial,6.0-8.5,Well-drained,Shallow-Medium,Millets; sorghum; arid cereals,Waterlogged fields; heavy clay,Low,No,0-1500 m,15 N; 35 P2O5; 15 K2O/ha,Basal: 100% P + 100% K + starter N,Flowering (Day 35): 1% potassium sulphate / DAP foliar spray,None required under standard dryland management,Rhizobium culture; FYM 1-2 t/acre,Zinc sulphate only in diagnosed sandy soils,1500-2800,Pod borer; whitefly; jassid,Yellow mosaic; dry root rot,IPM; focus on drought survival and pest threshold,Neem oil 3%; seed bio-priming; light traps,Drought-hardy varieties; timely weed clearance,Inspect fields every 10 days,Ensure harvest moisture is minimal,300-500 kg,200-650 kg,12000-18000,Seed 700-1400; Fertilizer 1500-2800; Pesticide 600-1400; Labor 4500-7500; Irrigation 0-800; Machinery 2000-3500,5-7 kg/acre,Rainfed; Borewell supplemental,Surface/furrow; predominantly rainfed,CAZRI & ICAR Arid Agriculture,Arid & Semi-Arid Zones,High,1) SSP/DAP; 2) Rhizobium; 3) MOP,Low nutrient requirement; single basal dose of P is sufficient,Avoid excess moisture; excels under arid moisture stress,1) Resistant cultivars; 2) seed bio-inoculation; 3) neem sprays,Chemical intervention rarely needed in arid low-pest conditions
CRP012,Watermelon,தர்பூசணி / Tharpoosani,Citrullus lanatus,Fruit/Vegetable,Zaid/Summer/Rabi,85,75-100,10-15,7-10,Jan-Mar; Oct-Dec,Apr-Jun; Jan-Mar,Germination 0-8; Vine growth 8-35; Flowering-Fruit set 35-55; Harvest 55-85,2-3,Medium-High,400-550,4-7 days (drip daily/alternate),Flowering; fruit set; fruit enlargement,Medium,Low,Sandy loam/alluvial riverbed,6.0-7.5,Well-drained,Medium-Deep,Legumes; cereals,Cucurbits repeatedly without break,Medium-High,No,0-1000 m,80 N; 50 P2O5; 80 K2O/ha,Basal: 100% P + 30% N + 30% K,Vine development (Day 25): 40% N + 30% K,Fruit sizing (Day 45): 30% N + 40% K via fertigation,FYM 6-8 t/acre; neem cake 150 kg/acre,Boron & Calcium sprays at fruit set to prevent blossom end rot,4500-8000,Fruit fly; aphids; red pumpkin beetle; thrips,Downy mildew; powdery mildew; Fusarium wilt; virus,IPM; pheromone/cue-lure traps for fruit fly control,Cue-lure traps; silver reflective mulch; Trichoderma drench,Pheromone traps (6/acre); mulching; drip irrigation,Monitor fruit surfaces twice weekly during development,Observe pre-harvest interval before fruit harvest,6000-12000 kg,4500-16000 kg,30000-48000,Seed 2500-5000; Fertilizer 4500-8000; Pesticide 1800-3500; Labor 10000-16000; Irrigation 2000-4500; Machinery 4000-7000,0.5-0.8 kg/acre,Borewell; Canal; Riverbed,Drip with fertigation strongly preferred,TNAU Horticulture Dept & IIHR Bangalore,South & Peninsular India,High,1) Water-soluble NPK; 2) Urea/DAP; 3) MOP/SOP; 4) Micronutrient Boron/Ca,High potassium during fruit enlargement boosts sweetness (Brix) and rind strength,Mulch sheets reduce evaporation and weed competition,1) Cue-lure traps for fruit fly; 2) yellow sticky sheets; 3) bio-fungicides,Do not apply pesticides within 7 days of harvest
CRP013,Muskmelon,முலாம்பழம் / Muskmelon,Cucumis melo,Fruit/Vegetable,Zaid/Summer,80,70-95,10-15,5-7,Jan-Mar; Oct-Nov,Apr-May; Dec-Jan,Germination 0-7; Vine growth 7-30; Flowering 30-50; Fruit development 50-80,2-3,Medium-High,350-500,4-7 days (drip frequent),Flowering; fruit set; netting/maturity,Medium,Low,Sandy loam/fertile loam,6.0-7.5,Well-drained,Medium-Deep,Cereals; pulses,Repeated cucurbit planting,Medium,No,0-1000 m,70 N; 40 P2O5; 70 K2O/ha,Basal: 100% P + 30% N + 30% K,Vegetative vine stage (Day 20): 35% N + 30% K,Fruit netting stage (Day 45): 35% N + 40% K,FYM 5-7 t/acre; bio-fertilizers,Boron 0.2% spray at flowering for fruit retention,4000-7500,Fruit fly; aphids; serpentine leaf miner; whitefly,Powdery mildew; downy mildew; collar rot,IPM; cue-lure traps essential for fruit fly,Cue-lure fruit fly traps; neem oil 3%; Trichoderma,Plastic mulching; drip irrigation; field sanitation,Inspect undersides of leaves weekly,Follow designated withholding period,5000-9000 kg,4000-12000 kg,28000-44000,Seed 2200-4500; Fertilizer 4000-7500; Pesticide 1600-3200; Labor 9000-15000; Irrigation 1800-4000; Machinery 3500-6000,0.3-0.5 kg/acre,Borewell; Canal,Drip with fertigation preferred,TNAU & IIHR Horticultural Guides,Peninsular & Northern India,High,1) Water-soluble 19-19-19; 2) Potassium sulphate; 3) Urea; 4) Boron,Balanced fertigation with elevated potassium enhances sugar accumulation,Withhold irrigation 4-5 days before harvest to avoid fruit cracking,1) Pheromone/lure traps; 2) reflective mulch; 3) bio-pesticides,Follow safety guidelines and protective equipment norms
CRP014,Pomegranate,மாதுளை / Maathulai,Punica granatum,Fruit,Perennial,240,200-270 (bahar harvest),20-30,15-20,Bahar initiation: Jan-Feb (Ambe); Jun-Jul (Mrig); Sep-Oct (Hasta),Harvest: 6-7 months post flowering,Pruning-Flushing 0-30; Flowering-Fruit set 30-75; Fruit growth 75-180; Maturity 180-240,1-2 bahars/year,Medium,600-900,Drip based on pan evaporation,Flowering; fruit set; aril development,High,Low,Light loam/deep well-drained gravelly loam,6.5-8.0,Well-drained,Deep,Legumes; sunnhemp green manure,Old infected orchards; solanaceous crops,Low-Medium,No,0-1800 m,Age-based: Mature tree (250g N, 125g P2O5, 250g K2O/plant/year),Basal: FYM 20 kg/tree + 100% P + 25% N + 25% K at bahar initiation,Fruit development (Day 60): 50% N + 25% K,Aril sizing (Day 110): 25% N + 50% K through fertigation,FYM 10-15 t/acre; vermicompost 2 t/acre; neem cake,Zinc; Boron; Iron (chelated) foliar sprays,8000-15000,Anar butterfly (Deudorix isocrates); thrips; mites; stem borer,Bacterial blight (Teliya); wilt (Ceratocystis); anthracnose,Strict IPM; sanitary pruning; regulatory copper sprays for blight,Paper bagging of fruits; bio-agents; light traps,Sterilization of secateurs during pruning; orchard sanitation,Monitor every 5-7 days especially during rainy spells,Use full PPE during canopy sprays; obey pre-harvest interval,3500-7000 kg,2500-9000 kg,55000-95000,Planting material (air-layered/tissue culture) 15000-30000; Fertilizer 8000-15000; Pesticide 6000-14000; Labor 15000-25000; Irrigation 3000-7000; Machinery 5000-9000,180-220 plants/acre (spacing 4.5m x 3m),Borewell; Drip; Farm pond,Drip with fertigation mandatory for commercial production,NRC on Pomegranate (Solapur) & TNAU,Maharashtra; Karnataka; Tamil Nadu,High,1) Water-soluble NPK; 2) Calcium nitrate; 3) Potassium sulphate; 4) Micronutrient mix,High potassium and calcium prevent fruit cracking and enhance aril color,Manage irrigation stress to regulate bahar flowering,1) Fruit bagging; 2) sanitary pruning; 3) pheromone traps; 4) bio-control,Adhere strictly to NRC Pomegranate export and domestic spray schedule
CRP015,Banana,வாழை / Vazhai,Musa spp.,Fruit,Perennial/Year-round,330,300-360 (first crop),20-30,15-20,Year-round (Jun-Jul & Feb-Mar optimal),10-12 months post planting,Vegetative 0-150; Shooting/Flowering 150-240; Bunch filling 240-330,1 main crop + 1-2 ratoons,High,1400-2000,Drip daily/alternate days based on ET,Shooting; bunch emergence; early bunch development,Low-Medium,Low,Deep fertile clay loam/alluvial,6.0-7.5,Well-drained,Deep,Legumes; green manure; vegetables,Old diseased banana plots; cucurbits (CMV risk),Medium-High,No,0-1200 m,200 N; 60 P2O5; 300 K2O per plant (scaled to acre),Basal: FYM 10 kg/plant + full P at planting,Vegetative (Months 2-5): Split N and K fortnightly,Bunch emergence (Months 6-8): High potassium fertigation,FYM 10-15 t/acre; vermicompost; green manuring with sunnhemp,Zinc sulphate; Ferrous sulphate; Boron sprays on bunch,12000-22000,Pseudostem weevil; rhizome weevil; banana aphid; nematodes,Panama wilt (Fusarium); Sigatoka leaf spot; bunchy top virus,IPM; pseudostem injector traps; disease-free suckers,Cosmopolites pheromone traps; neem cake; Trichoderma in planting pit,Use tissue-culture certified plants; clean cultivation; desuckering,Fortnightly inspections for leaf spot and weevil boreholes,Ensure PPE during stem injection or spraying,14000-28000 kg,10000-35000 kg,60000-110000,Suckers/TC plants 12000-22000; Fertilizer 12000-22000; Pesticide 3500-7500; Labor 20000-35000; Irrigation 4000-9000; Machinery 5000-10000,1000-1200 plants/acre,Borewell; Canal; River lift,Drip with fertigation strongly recommended,NRC for Banana (Trichy) & TNAU Horticulture,Tamil Nadu; Kerala; Maharashtra; AP,High,1) Urea / fertigation N; 2) DAP/SSP; 3) MOP/SOP; 4) Banana Shakti micronutrient,Enormous potassium requirement during bunch filling for finger weight and quality,Provide adequate bunch propping (casuarina poles/twine) against wind damage,1) Tissue culture virus indexing; 2) weevil traps; 3) systematic leaf de-trashing,Follow CIB&RC regulations for suckers and stem application
CRP016,Coconut,தேங்காய் / Thengai,Cocos nucifera,Plantation/Oilseed,Perennial,365,Continuous bearing (5-7 yrs to first yield),30-45,Ongoing,Jun-Sep; Jan-Mar,Year-round (monthly harvests),Juvenile 0-4 yrs; Flowering initiation 4-6 yrs; Full commercial bearing 6+ yrs,Continuous bearing (10-12 harvests/year),Medium-High,1000-1500,5-10 days (drip/basin daily in summer),Button shedding; summer dry spell,Medium,Low-Medium,Coastal alluvial; sandy loam; red loam,5.2-8.0,Well-drained,Deep,Legumes; intercrops (banana, cocoa, pepper),Waterlogged sites; diseased gardens,Medium-High,No,0-800 m,Mature palm: 500g N, 320g P2O5, 1200g K2O/palm/year,Basal (May-Jun / Pre-monsoon): 50% N + 100% P + 50% K + 50 kg FYM/palm,Post-monsoon (Sep-Oct): 50% N + 50% K,Summer: Micronutrient tonic application via root feeding,FYM 50 kg/palm/year; green manuring with Calopogonium / sunnhemp,Magnesium sulphate 500g/palm; TNAU Coconut Tonic (root feeding),8000-16000,Rhinoceros beetle; red palm weevil; black headed caterpillar; eriophyid mite,Basal stem rot (Thanjavur wilt); bud rot; leaf blight,IPM; crown cleaning; pheromone lures; root feeding,Ferrugineol pheromone traps; rhyncolure; Metarhizium anisopliae,Crown sanitation; biological control with parasitoids; summer mulching,Monthly check during harvesting rounds,Observe 45-day safety gap after root feeding before harvesting nuts,5000-9000 nuts/acre,4000-12000 nuts/acre,30000-50000,Seedling 4000-8000 (one-time); Maintenance: Fertilizer 8000-16000; Pesticide 2500-6000; Labor 12000-20000; Irrigation 3000-7000; Other 3000-6000,65-75 palms/acre (spacing 7.5m x 7.5m),Borewell; Canal; Farm pond,Drip around root zone / basin,CPCRI Kasaragod & TNAU Coconut Research Station,Coastal & Peninsular India,High,1) MOP; 2) Urea; 3) SSP; 4) Magnesium sulphate; 5) Coconut Tonic,Potassium is the key nutrient for nut development and copra content,Mulch basins with coconut leaves/coir pith for moisture conservation,1) Crown cleaning; 2) pheromone traps; 3) entomopathogenic fungi,Follow certified guidelines for root feeding of fungicides/tonics
CRP017,Apple,ஆப்பிள் / Apple,Malus domestica,Fruit,Perennial,150,130-165 (bloom to harvest),30-45,15-20,Dec-Feb (Dormant planting); Bloom Apr-May,Aug-Oct,Dormancy Nov-Feb; Bud break-Bloom Mar-Apr; Fruit set May; Harvest Aug-Oct,1 harvest/year,Medium,700-1000,7-10 days during fruit growth,Petal fall; fruit development,Medium,Low,Well-drained sandy loam rich in organic matter,5.5-6.8,Well-drained,Deep,Legumes; clover intercrop,Poorly drained alkaline soils,Medium,High,1500-2700 m,Mature tree: 350g N, 175g P2O5, 350g K2O/tree/year,Basal (Dormant season Dec-Jan): Full FYM + 100% P + 50% K,Post-bloom (May): 50% N + 25% K,Fruit sizing (Jun-Jul): 50% N + 25% K,FYM 30-40 kg/tree/year; vermicompost,Calcium chloride sprays (0.5%) to prevent bitter pit; Boron at pink bud,12000-25000,San Jose scale; woolly apple aphid; spider mites; codling moth,Apple scab (Venturia inaequalis); powdery mildew; canker,IPM; scab forecast monitoring; winter dormant sprays,Pheromone traps; predator mites; bio-fungicides for mildew,Pruning of diseased twigs; proper canopy aeration; orchard sanitation,Weekly inspection during active fruit growth,Adhere to export pre-harvest spray limits,4000-8000 kg,3000-12000 kg,60000-110000,Planting material 15000-35000; Fertilizer 12000-25000; Pesticide 8000-18000; Labor 20000-35000; Irrigation 3000-8000; Machinery 5000-12000,150-200 trees/acre (standard) / 400-800 (high density),Snowmelt; Springs; Borewell; Drip,Drip irrigation; basin,Dr YSP UHF Nauni & ICAR-CITH Srinagar,Himalayan Temperate Regions (HP, J&K, Uttarakhand),High,1) Calcium nitrate; 2) Potassium sulphate; 3) Urea; 4) Single superphosphate,Adequate chilling hours (800-1200 hrs <7°C) mandatory for fruit set,Apply calcium foliar sprays to enhance fruit firmness and storage life,1) Pheromone mating disruption; 2) dormant oil sprays; 3) scab warning system,Use CIB&RC approved fungicides with strict rotation
CRP018,Coffee,காபி / Kaapi,Coffea spp.,Plantation,Perennial,210,180-240 (blossom to berry harvest),30-45,20-30,Planting: Jun-Aug; Blossom Mar-Apr (Arabica/Robusta),Nov-Jan (Arabica); Jan-Mar (Robusta),Blossom-Fruit set Mar-May; Berry development Jun-Oct; Ripening Oct-Jan,1 harvest/year,Medium,1200-1800,10-15 days during dry spell (blossom showers vital),Blossom trigger (Mar); berry expansion (Jul-Aug),Medium,Low,Deep friable volcanic/forest loam rich in humus,5.0-6.5,Well-drained,Deep,Shade trees (Silver oak, Fig); pepper intercrop,Open exposed unshaded soils,High,No,800-1800 m,Arabica: 80 N, 60 P2O5, 80 K2O/ha; Robusta: 60 N, 45 P2O5, 60 K2O/ha,Pre-monsoon (Mar-Apr): 40% N + 100% P + 40% K + organic manure,Mid-monsoon (Aug-Sep): 30% N + 30% K,Post-monsoon (Oct-Nov): 30% N + 30% K,FYM 5-8 t/acre; composted coffee pulp; shade tree leaf mulch,Zinc sulphate 0.25% + Urea 0.5% foliar spray post-blossom,6000-12000,Coffee berry borer (Hypothenemus hampei); white stem borer; shot hole borer,Coffee leaf rust (Hemileia vastatrix); black rot; root rot,IPM; borer trapping; Bordeaux mixture 0.5% for rust,Broca brote traps (alcohol lures); Beauveria bassiana; shade regulation,Maintain 2-tier canopy shade; stem tracing and scrubbing for borer,Fortnightly inspections through monsoon,Comply with organic/GAP harvest requirements,400-800 kg (clean bean),300-1200 kg,35000-60000,Seedlings 6000-12000; Fertilizer 6000-12000; Pesticide 3500-7000; Labor 15000-26000; Irrigation 2000-5000; Machinery 4000-8000,450-550 plants/acre (Arabica) / 300-350 (Robusta),Rainfall; Sprinkler for backing/blossom showers,Overhead sprinkler for blossom; natural rainfall,Central Coffee Research Institute (CCRI) Balehonnur,Western Ghats (Karnataka, Kerala, TN),High,1) Complex NPK 17-17-17; 2) Urea; 3) MOP; 4) Zinc sulphate,Shade regulation directly affects nutrient absorption and rust resistance,Timely blossom and backing showers determine annual crop load,1) Broca traps with ethanol/methanol lures; 2) Bordeaux mixture; 3) Beauveria,Only use fungicides cleared by the Coffee Board of India
CRP019,Grapes,திராட்சை / Thiraatchai,Vitis vinifera,Fruit,Perennial,135,120-150 (pruning to harvest),20-30,15-20,Pruning: Back pruning Apr-May; Forward (fruit) pruning Oct,Harvest: Feb-Apr (Sweet table grapes),Forward pruning Day 0; Sprouting 0-15; Flowering 25-40; Berry sizing 40-90; Harvest 90-135,1-2 prunings/year (1 main table harvest),Medium-High,600-900,Drip daily/alternate days based on stage,Berry division (25-45 d); berry development (50-75 d); veraison,Medium,Low,Well-drained sandy loam/gravelly loam/medium black,6.5-8.0,Well-drained,Deep,Green manure (sunnhemp); legumes,Saline/waterlogged soils; heavy clay,Low-Medium,No,0-1200 m,Mature vine: 200 N, 100 P2O5, 300 K2O/acre/year,Post-pruning (Day 15-40): 40% N + 100% P + 20% K,Berry growth (Day 45-75): 40% N + 30% K,Veraison/ripening (Day 75-110): 20% N + 50% K through drip,FYM 10-15 t/acre; sheep manure; vermicompost,Boron & Zinc foliar sprays at pre-bloom; Magnesium sulphate,15000-32000,Thrips; mealybugs; flea beetle; stem borer,Downy mildew (Plasmopara viticola); powdery mildew; anthracnose,Strict export-compliant IPM; weather-based downy mildew alerts,Sticky bands on trunk against mealybugs; Trichoderma; neem oil,Canopy aeration via shoot positioning; bunch dipping in GA3 for thinning,Scout every 3-4 days during cloudy/humid weather,Comply with NRCG Annexure-5 export spray thresholds,6000-12000 kg,4000-16000 kg,75000-135000,Rootstocks/grafts 15000-30000; Fertilizer 15000-32000; Pesticide 12000-25000; Labor 22000-40000; Irrigation 4000-9000; Trellis 8000-15000,400-500 vines/acre (bower system),Borewell; Farm pond,Drip with automated fertigation,NRC for Grapes (Pune) & TNAU Grape Research Station,Maharashtra; Tamil Nadu (Theni); Karnataka,High,1) Water-soluble SOP (0-0-50); 2) 12-61-0 (MAP); 3) Calcium nitrate; 4) Micronutrients,High potassium during berry ripening increases TSS (Brix >18°) and shelf life,Gibberellic acid (GA3) timing is critical for berry elongation and bunch loosening,1) Weather-guided spray forecasting; 2) biopesticides; 3) canopy management,Follow NRC Grapes monitoring calendar strictly
CRP020,Mango,மாம்பழம் / Maangai,Mangifera indica,Fruit,Perennial,120,100-140 (fruit set to maturity),30-45,15-20,Flowering: Dec-Feb; Harvest: Apr-Jul,Harvest: Apr-Jun (South) / May-Jul (North),Dormancy-Bud break Oct-Dec; Flowering Jan-Feb; Fruit set Mar; Harvest May-Jul,1 harvest/year,Low-Medium,600-1000,10-15 days during fruit sizing (withhold at flowering),Panicle emergence; fruit set; fruit development,High,Low,Deep alluvial/red loam/laterite with good drainage,5.5-7.5,Well-drained,Deep (2m+),Legumes; pulses; vegetables in early non-bearing years,Diseased old orchards; waterlogged basins,Low-Medium,No,0-1200 m,Mature tree: 500g N, 250g P2O5, 500g K2O/tree/year,Post-harvest (Jul-Aug): 50% N + 100% P + 50% K + 50 kg FYM/tree,Fruit set (Feb-Mar): 25% N + 25% K,Fruit development (Apr): 25% N + 25% K,FYM 50 kg/tree/year; vermicompost; green manure,Borax 0.5% + Zinc sulphate 0.2% spray to prevent internal necrosis,6000-14000,Mango hopper (Idioscopus); fruit fly (Bactrocera); stem borer; nut weevil,Powdery mildew; anthracnose; bacterial canker; malformation,IPM; fruit fly pheromone traps; tree banding against mealybug,Methyl eugenol traps (6/acre); Beauveria bassiana; wettable sulphur,Pruning dead branches post-harvest; destroy fallen infested fruits,Weekly scouting during panicle emergence and fruit setting,Observe safety intervals and PPE guidelines,3500-7500 kg,2500-10000 kg,30000-55000,Grafts 6000-12000 (one-time); Maintenance: Fertilizer 6000-14000; Pesticide 4000-10000; Labor 12000-22000; Irrigation 2000-5000; Other 3000-6000,40-60 trees/acre (traditional) / 100-200 (high density),Borewell; Canal; Farm pond,Drip around dripline; basin,CISH Lucknow & TNAU Fruit Department,Pan-India & Peninsular India,High,1) Urea; 2) Single superphosphate; 3) MOP; 4) Potassium nitrate foliar,Withhold irrigation during Oct-Nov to induce flower bud differentiation,Foliar spray of 1% potassium nitrate at pea-stage reduces fruit drop,1) Methyl eugenol fruit fly traps; 2) tree trunk banding; 3) biopesticides,Strict adherence to export pre-harvest intervals
CRP021,Orange,ஆரஞ்சு / Citrus,Citrus sinensis / Citrus reticulata,Fruit,Perennial,240,210-270 (fruit set to harvest),20-30,15-20,Bahar flowering: Feb-Mar (Ambe) / Jun-Jul (Mrig),Harvest: Nov-Dec (Ambe) / Mar-Apr (Mrig),Flushing Jan; Flowering Feb-Mar; Fruit sizing Apr-Sep; Color change & harvest Oct-Dec,1-2 harvests/year,Medium,800-1100,7-10 days in summer; 12-15 days in winter,Fruit set; rapid fruit development stage,Medium,Low,Deep well-drained loam/sandy loam,6.0-7.5,Well-drained,Deep,Legumes; green manuring; cover crops,Heavy clay; poorly drained saline soils,Low-Medium,No,0-1500 m,Mature tree: 400g N, 200g P2O5, 400g K2O/tree/year,Bahar start (Feb/Jun): 50% N + 100% P + 50% K + 40 kg FYM/tree,Fruit expansion (May/Aug): 25% N + 25% K,Pre-harvest (Jul/Oct): 25% N + 25% K,FYM 40 kg/tree/year; vermicompost 5 kg/tree,Zinc sulphate 0.3% + Manganese sulphate 0.2% foliar spray,7000-15000,Citrus psylla (vector of Greening); leaf miner; fruit sucking moth; thrips,Citrus canker; Phytophthora gummosis; dieback; Tristeza virus,IPM; light traps; copper fungicide sprays for canker,Yellow sticky traps; neem formulation 3%; Bordeaux paste on trunk,Bordeaux paste (1:1:10) painting on tree trunks; pruning dry twigs,Weekly scouting during new leaf flush and fruit set,Adhere to spray safety protocols,4000-8000 kg,3000-11000 kg,40000-70000,Grafts/budded plants 8000-15000; Fertilizer 7000-15000; Pesticide 4500-11000; Labor 14000-24000; Irrigation 3000-7000; Other 3500-7000,100-120 plants/acre (spacing 6m x 6m),Borewell; Canal; Drip,Drip irrigation with fertigation preferred,CCRI Nagpur & TNAU Horticultural Research Station,Central & Southern India,High,1) Urea; 2) SSP/DAP; 3) MOP; 4) Micronutrient cocktail (Zn, Fe, Mn),Manage water stress prior to bahar initiation to synchronize flowering,Maintain trunk hygiene with copper-based pastes against gummosis,1) Sticky traps for psylla; 2) trunk paste against gummosis; 3) bio-agents,Use certified CIB&RC formulations only
CRP022,Papaya,பப்பாளி / Pappali,Carica papaya,Fruit,Perennial,270,240-300 (planting to first harvest),15-20,10-15,Year-round (Jun-Jul & Sep-Oct optimal),8-10 months after transplanting; harvests continue 12-18 months,Vegetative 0-90; Flowering 90-120; Fruit development 120-240; Continuous harvest 240+,Continuous weekly pickings once bearing begins,Medium-High,1000-1400,4-6 days (drip daily/alternate days),Flowering; fruit enlargement; summer period,Low,Very-Low,Rich sandy loam/alluvial with excellent drainage,6.0-7.0,Well-drained (cannot tolerate water stagnation for even 24 hrs),Medium-Deep,Legumes; green manure,Cucurbits; old papaya plots (ringspot virus risk),Medium-High,No,0-1200 m,Mature plant: 200g N, 200g P2O5, 250g K2O/plant/year,Basal: FYM 10 kg/plant + 100% P at planting,Vegetative (Months 2-4): 40% N + 30% K in monthly splits,Bearing stage (Months 5-10): 60% N + 70% K in monthly fertigation splits,FYM 10 t/acre; vermicompost; neem cake in planting pit,Boron 0.1% spray to prevent bumpy fruit; Zinc sulphate,5000-10000,Papaya mealybug; whitefly; red spider mites; aphids,Papaya ring spot virus (PRSV); anthracnose; damping off; stem rot,Strict IPM; control aphid vectors; rogue PRSV plants immediately,Pseudococcus/Acerophagus papayae parasitoids for mealybug; neem oil,Raised bed planting; reflective mulching; remove virus-infected plants immediately,Weekly inspection of young apical leaves for mosaic symptoms,Observe pre-harvest withholding periods,18000-35000 kg,12000-45000 kg,45000-75000,Seeds/seedlings 3000-6000; Fertilizer 5000-10000; Pesticide 3000-7000; Labor 16000-26000; Irrigation 3000-7000; Machinery 4000-8000,900-1000 plants/acre (spacing 2m x 2m),Borewell; Canal; Drip,Drip irrigation with fertigation mandatory,TNAU Horticulture Dept & IIHR Bangalore,South & Peninsular India,High,1) Water-soluble NPK; 2) Potassium nitrate; 3) Calcium/Boron; 4) Urea,Adequate potassium ensures thick pulp, high sweetness (Brix), and transit firmness,Even 24 hours of water stagnation causes fatal collar and root rot,1) Classical biological control (Acerophagus); 2) border crops; 3) rogueing,Follow CIB&RC guidelines for fruit applications